[
  {
    "code": "1999907001",
    "name": "Bagoaingud",
    "municipalityCode": "199990700"
  },
  {
    "code": "1999907002",
    "name": "Barungis",
    "municipalityCode": "199990700"
  },
  {
    "code": "1999907003",
    "name": "Buliok",
    "municipalityCode": "199990700"
  },
  {
    "code": "1999907004",
    "name": "Bulol",
    "municipalityCode": "199990700"
  },
  {
    "code": "1999907005",
    "name": "Gligli",
    "municipalityCode": "199990700"
  },
  {
    "code": "1999907006",
    "name": "Kabasalan",
    "municipalityCode": "199990700"
  },
  {
    "code": "1999907007",
    "name": "Macabual",
    "municipalityCode": "199990700"
  },
  {
    "code": "1999907008",
    "name": "Rajah Muda",
    "municipalityCode": "199990700"
  },
  {
    "code": "030140001001",
    "name": "Poblacion",
    "municipalityCode": "030140001"
  },
  {
    "code": "030140001002",
    "name": "Bagong Pook",
    "municipalityCode": "030140001"
  },
  {
    "code": "030140001003",
    "name": "Biñan",
    "municipalityCode": "030140001"
  },
  {
    "code": "030140001004",
    "name": "Bukal",
    "municipalityCode": "030140001"
  },
  {
    "code": "030140001005",
    "name": "Bustos",
    "municipalityCode": "030140001"
  },
  {
    "code": "030140007001",
    "name": "Calumpit",
    "municipalityCode": "030140007"
  },
  {
    "code": "030140007002",
    "name": "Iba",
    "municipalityCode": "030140007"
  },
  {
    "code": "030140007003",
    "name": "Ibaba",
    "municipalityCode": "030140007"
  },
  {
    "code": "0301407001",
    "name": "Balite",
    "status": "5016",
    "region": "Region III (Central Luzon)",
    "province": "Bulacan",
    "city_municipality": "Calumpit",
    "municipalityCode":"0301407000",
    "zip_code": "3014",
    "district": "1st"
  },
  {
    "code": "0301407002",
    "name": "Balungao",
    "status": "5720",
    "region": "Region III (Central Luzon)",
    "province": "Bulacan",
    "city_municipality": "Calumpit",
    "municipalityCode":"0301407000",
    "zip_code": "3014",
    "district": "1st"
  },
  {
    "code": "0301407004",
    "name": "Buguion",
    "status": "3841",
    "region": "Region III (Central Luzon)",
    "province": "Bulacan",
    "city_municipality": "Calumpit",
    "municipalityCode":"0301407000",
    "zip_code": "3014",
    "district": "1st"
  },
  {
    "code": "0301407005",
    "name": "Bulusan",
    "status": "2603",
    "region": "Region III (Central Luzon)",
    "province": "Bulacan",
    "city_municipality": "Calumpit",
    "municipalityCode":"0301407000",
    "zip_code": "3014",
    "district": "1st"
  },
  {
    "code": "0301407006",
    "name": "Calizon",
    "status": "2221",
    "region": "Region III (Central Luzon)",
    "province": "Bulacan",
    "city_municipality": "Calumpit",
    "municipalityCode":"0301407000",
    "zip_code": "3014",
    "district": "1st"
  },
  {
    "code": "0301407007",
    "name": "Calumpang",
    "status": "3517",
    "region": "Region III (Central Luzon)",
    "province": "Bulacan",
    "city_municipality": "Calumpit",
    "municipalityCode":"0301407000",
    "zip_code": "3014",
    "district": "1st"
  },
  {
    "code": "0301407008",
    "name": "Caniogan",
    "status": "4510",
    "region": "Region III (Central Luzon)",
    "province": "Bulacan",
    "city_municipality": "Calumpit",
    "municipalityCode":"0301407000",
    "zip_code": "3014",
    "district": "1st"
  },
  {
    "code": "0301407009",
    "name": "Corazon",
    "status": "2175",
    "region": "Region III (Central Luzon)",
    "province": "Bulacan",
    "city_municipality": "Calumpit",
    "municipalityCode":"0301407000",
    "zip_code": "3014",
    "district": "1st"
  },
  {
    "code": "0301407010",
    "name": "Frances",
    "status": "6129",
    "region": "Region III (Central Luzon)",
    "province": "Bulacan",
    "city_municipality": "Calumpit",
    "municipalityCode":"0301407000",
    "zip_code": "3014",
    "district": "1st"
  },
  {
    "code": "0301407011",
    "name": "Gatbuca",
    "status": "6384",
    "region": "Region III (Central Luzon)",
    "province": "Bulacan",
    "city_municipality": "Calumpit",
    "municipalityCode":"0301407000",
    "zip_code": "3014",
    "district": "1st"
  },
  {
    "code": "0301407012",
    "name": "Gugo",
    "status": "1960",
    "region": "Region III (Central Luzon)",
    "province": "Bulacan",
    "city_municipality": "Calumpit",
    "municipalityCode":"0301407000",
    "zip_code": "3014",
    "district": "1st"
  },
  {
    "code": "0301407013",
    "name": "Iba Este",
    "status": "4161",
    "region": "Region III (Central Luzon)",
    "province": "Bulacan",
    "city_municipality": "Calumpit",
    "municipalityCode":"0301407000",
    "zip_code": "3014",
    "district": "1st"
  },
  {
    "code": "0301407014",
    "name": "Iba O'Este",
    "status": "14085",
    "region": "Region III (Central Luzon)",
    "province": "Bulacan",
    "city_municipality": "Calumpit",
    "municipalityCode":"0301407000",
    "zip_code": "3014",
    "district": "1st"
  },
  {
    "code": "0301407015",
    "name": "Longos",
    "status": "4265",
    "region": "Region III (Central Luzon)",
    "province": "Bulacan",
    "city_municipality": "Calumpit",
    "municipalityCode":"0301407000",
    "zip_code": "3014",
    "district": "1st"
  },
  {
    "code": "0301407016",
    "name": "Meysulao",
    "status": "4280",
    "region": "Region III (Central Luzon)",
    "province": "Bulacan",
    "city_municipality": "Calumpit",
    "municipalityCode":"0301407000",
    "zip_code": "3014",
    "district": "1st"
  },
  {
    "code": "0301407017",
    "name": "Meyto",
    "status": "2925",
    "region": "Region III (Central Luzon)",
    "province": "Bulacan",
    "city_municipality": "Calumpit",
    "municipalityCode":"0301407000",
    "zip_code": "3014",
    "district": "1st"
  },
  {
    "code": "0301407018",
    "name": "Palimbang",
    "status": "1684",
    "region": "Region III (Central Luzon)",
    "province": "Bulacan",
    "city_municipality": "Calumpit",
    "municipalityCode":"0301407000",
    "zip_code": "3014",
    "district": "1st"
  },
  {
    "code": "0301407019",
    "name": "Panducot",
    "status": "1752",
    "region": "Region III (Central Luzon)",
    "province": "Bulacan",
    "city_municipality": "Calumpit",
    "municipalityCode":"0301407000",
    "zip_code": "3014",
    "district": "1st"
  },
  {
    "code": "0301407020",
    "name": "Pio Cruzcosa",
    "status": "4663",
    "region": "Region III (Central Luzon)",
    "province": "Bulacan",
    "city_municipality": "Calumpit",
    "municipalityCode":"0301407000",
    "zip_code": "3014",
    "district": "1st"
  },
  {
    "code": "0301407021",
    "name": "Poblacion",
    "status": "1785",
    "region": "Region III (Central Luzon)",
    "province": "Bulacan",
    "city_municipality": "Calumpit",
    "municipalityCode":"0301407000",
    "zip_code": "3014",
    "district": "1st"
  },
  {
    "code": "0301407022",
    "name": "Pungo",
    "status": "9528",
    "region": "Region III (Central Luzon)",
    "province": "Bulacan",
    "city_municipality": "Calumpit",
    "municipalityCode":"0301407000",
    "zip_code": "3014",
    "district": "1st"
  },
  {
    "code": "0301407023",
    "name": "San Jose",
    "status": "5661",
    "region": "Region III (Central Luzon)",
    "province": "Bulacan",
    "city_municipality": "Calumpit",
    "municipalityCode":"0301407000",
    "zip_code": "3014",
    "district": "1st"
  },
  {
    "code": "0301407024",
    "name": "San Marcos",
    "status": "2671",
    "region": "Region III (Central Luzon)",
    "province": "Bulacan",
    "city_municipality": "Calumpit",
    "municipalityCode":"0301407000",
    "zip_code": "3014",
    "district": "1st"
  },
  {
    "code": "0301407025",
    "name": "San Miguel",
    "status": "6005",
    "region": "Region III (Central Luzon)",
    "province": "Bulacan",
    "city_municipality": "Calumpit",
    "municipalityCode":"0301407000",
    "zip_code": "3014",
    "district": "1st"
  },
  {
    "code": "0301407026",
    "name": "Santa Lucia",
    "status": "2460",
    "region": "Region III (Central Luzon)",
    "province": "Bulacan",
    "city_municipality": "Calumpit",
    "municipalityCode":"0301407000",
    "zip_code": "3014",
    "district": "1st"
  },
  {
    "code": "0301407027",
    "name": "Santo Ni\u00c3\u00b1o",
    "status": "2544",
    "region": "Region III (Central Luzon)",
    "province": "Bulacan",
    "city_municipality": "Calumpit",
    "municipalityCode":"0301407000",
    "zip_code": "3014",
    "district": "1st"
  },
  {
    "code": "0301407028",
    "name": "Sapang Bayan",
    "status": "3140",
    "region": "Region III (Central Luzon)",
    "province": "Bulacan",
    "city_municipality": "Calumpit",
    "municipalityCode":"0301407000",
    "zip_code": "3014",
    "district": "1st"
  },
  {
    "code": "0301407029",
    "name": "Sergio Bayan",
    "status": "1727",
    "region": "Region III (Central Luzon)",
    "province": "Bulacan",
    "city_municipality": "Calumpit",
    "municipalityCode":"0301407000",
    "zip_code": "3014",
    "district": "1st"
  },
  {
    "code": "0301407030",
    "name": "Sucol",
    "status": "1059",
    "region": "Region III (Central Luzon)",
    "province": "Bulacan",
    "city_municipality": "Calumpit",
    "municipalityCode":"0301407000",
    "zip_code": "3014",
    "district": "1st"
  }
]